manager_true_ultimate_parent_country_of_headquarters,financial_flow_link_strength,amount_usd_m_alpha_var,amount_usd_m,rank,pct
Argentina,Low,574.9794454146474,574.9794454146474,28,0.0010229840596677263
Australia,Low,3563.7984431050527,11295.989486531736,12,0.020097443960910354
Australia,Medium,7351.214596086981,11295.989486531736,12,0.020097443960910354
Australia,High,380.97644733970185,11295.989486531736,12,0.020097443960910354
Austria,Low,768.5705871436023,1212.9221022042739,23,0.002157990143941295
Austria,Medium,321.4264785619098,1212.9221022042739,23,0.002157990143941295
Austria,High,122.92503649876181,1212.9221022042739,23,0.002157990143941295
Bahrain,Low,805.9386841208792,1104.0881716043386,24,0.0019643564809597816
Bahrain,Medium,169.4678406971278,1104.0881716043386,24,0.0019643564809597816
Bahrain,High,128.68164678633175,1104.0881716043386,24,0.0019643564809597816
Bangladesh,Low,7.056307893196265,7.056307893196265,57,1.2554345294276926e-5
Belgium,Low,556.5402281048447,1542.1832071403255,20,0.0027438004098635114
Belgium,Medium,788.1539463963337,1542.1832071403255,20,0.0027438004098635114
Belgium,High,197.48903263914724,1542.1832071403255,20,0.0027438004098635114
Brazil,Low,2320.419931963856,16835.142069819165,10,0.02995251763695101
Brazil,Medium,5165.147988136361,16835.142069819165,10,0.02995251763695101
Brazil,High,9349.5741497189465,16835.142069819165,10,0.02995251763695101
Bulgaria,Low,44.88006728720514,44.88006728720514,49,7.984910382060111e-5
Cameroon,Low,68.69227065814174,68.69227065814174,44,1.2221497388482111e-4
Canada,Low,5785.037811900033,11369.41127747542,11,0.020228073537961546
Canada,Medium,4608.662602544728,11369.41127747542,11,0.020228073537961546
Canada,High,975.7108630306582,11369.41127747542,11,0.020228073537961546
Chile,High,20.39090564509877,20.39090564509877,54,3.627881240534047e-5
China,Low,45276.046555367604,59759.957255149355,4,0.1063229027854308
China,Medium,13434.638599884192,59759.957255149355,4,0.1063229027854308
China,High,1049.2720998975567,59759.957255149355,4,0.1063229027854308
Colombia,Low,46.512984876816716,647.7118814108779,27,0.0011523871596190475
Colombia,Medium,601.1988965340612,647.7118814108779,27,0.0011523871596190475
Curacao,Low,55.44646935500873,55.44646935500873,47,9.864849042407884e-5
Denmark,Low,77.02774774075868,77.02774774075868,42,1.3704517390891673e-4
Egypt,High,66.43626242518853,66.43626242518853,45,1.1820116003600438e-4
France,Low,54626.7361321265,82394.73595208557,2,0.14659393853415065
France,Medium,22633.433802347696,82394.73595208557,2,0.14659393853415065
France,High,5134.566017611372,82394.73595208557,2,0.14659393853415065
Germany,Low,17122.359633433432,26963.40808132281,7,0.047972387328763653
Germany,Medium,8178.366523841784,26963.40808132281,7,0.047972387328763653
Germany,High,1662.6819240475936,26963.40808132281,7,0.047972387328763653
Gibraltar,Medium,30.272702719750782,30.272702719750782,52,5.3860172867626405e-5
Greece,Low,51.69946052072153,51.69946052072153,48,9.198193853343571e-5
Hong Kong,Low,3643.9326237712276,4281.192913642035,15,0.007616954209310699
Hong Kong,Medium,637.2602898708069,4281.192913642035,15,0.007616954209310699
India,Low,421.0686107048477,515.5277047493835,30,9.172095254559765e-4
India,Medium,94.45909404453585,515.5277047493835,30,9.172095254559765e-4
Indonesia,Medium,104.64954608935342,104.64954608935342,41,1.8618894702169538e-4
Ireland,Low,26.65290422043875,26.65290422043875,53,4.741994931957428e-5
Israel,Low,1352.8789365299215,1380.6304286106276,21,0.002456371148610999
Israel,High,27.75149208070609,1380.6304286106276,21,0.002456371148610999
Italy,Low,1168.3279021961957,3657.0064180980357,16,0.006506422623714814
Italy,Medium,2228.2659040332655,3657.0064180980357,16,0.006506422623714814
Italy,High,260.4126118685745,3657.0064180980357,16,0.006506422623714814
Ivory Coast,Low,248.8174981451342,248.8174981451342,35,4.426877106629734e-4
Japan,Low,31382.278552249747,45652.56626106909,5,0.08122350797134881
Japan,Medium,12011.77831734911,45652.56626106909,5,0.08122350797134881
Japan,High,2258.5093914702306,45652.56626106909,5,0.08122350797134881
Jordan,Low,103.0083081678867,213.44799230345512,37,3.7975947737931367e-4
Jordan,Medium,110.43968413556844,213.44799230345512,37,3.7975947737931367e-4
Korea; Republic (S. Korea),Low,111.26953565050044,220.49252140848037,36,3.922928662504745e-4
Korea; Republic (S. Korea),Medium,109.22298575797993,220.49252140848037,36,3.922928662504745e-4
Kuwait,Low,93.64086242587472,213.38746454344374,38,3.796517884277297e-4
Kuwait,High,119.74660211756901,213.38746454344374,38,3.796517884277297e-4
Libya,Low,265.54153321800095,265.54153321800095,34,4.724425504738624e-4
Luxembourg,Low,502.60593520203633,502.60593520203633,31,8.942195483793119e-4
Malaysia,Low,131.15229632501777,311.8611548050525,32,5.548528608097799e-4
Malaysia,Medium,180.70885848003468,311.8611548050525,32,5.548528608097799e-4
Mexico,Low,989.7351916512813,989.7351916512813,25,0.00176090351129211
Morocco,Low,182.97352807098125,182.97352807098125,39,3.2554033722508914e-4
Netherlands,Low,9553.698582741077,25600.86204286803,8,0.045548191317900236
Netherlands,Medium,11876.113113051519,25600.86204286803,8,0.045548191317900236
Netherlands,High,4171.050347075433,25600.86204286803,8,0.045548191317900236
Norway,Low,850.9537563870152,1254.358802586442,22,0.0022317129253628405
Norway,Medium,260.70663536057475,1254.358802586442,22,0.0022317129253628405
Norway,High,142.6984108388521,1254.358802586442,22,0.0022317129253628405
Panama,Low,14.45660339330866,14.45660339330866,55,2.5720701750700143e-5
Peru,Low,49.65514508429105,275.7160004176357,33,4.905446197631959e-4
Peru,Medium,226.06085533334465,275.7160004176357,33,4.905446197631959e-4
Philippines,Medium,109.1647095040279,109.1647095040279,40,1.9422217366456423e-4
Poland,Medium,32.27424045502382,32.27424045502382,51,5.742124137944281e-5
Portugal,Low,340.7433056235037,884.676531923718,26,0.001573986683067323
Portugal,Medium,152.06357082700364,884.676531923718,26,0.001573986683067323
Portugal,High,391.8696554732106,884.676531923718,26,0.001573986683067323
Qatar,Medium,11.511066342271366,11.511066342271366,56,2.048010145724299e-5
Russia,Low,33.82139814697089,33.82139814697089,50,6.017389222509658e-5
Singapore,Low,1743.792748226244,8128.922961549177,14,0.014462705890181603
Singapore,Medium,6087.666817512389,8128.922961549177,14,0.014462705890181603
Singapore,High,297.4633958105442,8128.922961549177,14,0.014462705890181603
South Africa,Low,2293.9644667935245,2439.5051826076005,17,0.004340285440090285
South Africa,Medium,76.25024313501044,2439.5051826076005,17,0.004340285440090285
South Africa,High,69.29047267906586,2439.5051826076005,17,0.004340285440090285
Spain,Low,21694.886581428476,28374.631252408013,6,0.050483188054192725
Spain,Medium,4648.696077107954,28374.631252408013,6,0.050483188054192725
Spain,High,2031.048593871581,28374.631252408013,6,0.050483188054192725
Sweden,Medium,548.6095343917418,548.6095343917418,29,9.760676023118725e-4
Switzerland,Low,15393.925432382113,19995.183643029162,9,0.035574757150139004
Switzerland,Medium,3330.0311298487727,19995.183643029162,9,0.035574757150139004
Switzerland,High,1271.2270807982777,19995.183643029162,9,0.035574757150139004
Taiwan,Low,973.7570356208955,1645.2252440933207,18,0.0029271293307827455
Taiwan,Medium,605.4005193239204,1645.2252440933207,18,0.0029271293307827455
Taiwan,High,66.0676891485048,1645.2252440933207,18,0.0029271293307827455
Turkey,Medium,57.03565420604178,57.03565420604178,46,1.0147591457538889e-4
United Arab Emirates,Low,385.0700728490878,1607.805482875922,19,0.002860553352202562
United Arab Emirates,Medium,1179.5780566807055,1607.805482875922,19,0.002860553352202562
United Arab Emirates,High,43.15735334612882,1607.805482875922,19,0.002860553352202562
United Kingdom,Low,48952.10706087507,71518.46869408076,3,0.12724325022284724
United Kingdom,Medium,19811.512288948765,71518.46869408076,3,0.12724325022284724
United Kingdom,High,2754.8493442569215,71518.46869408076,3,0.12724325022284724
United States of America,Low,79246.4983787442,118013.98595805519,1,0.20996650822166218
United States of America,Medium,34108.479433653956,118013.98595805519,1,0.20996650822166218
United States of America,High,4659.008145657039,118013.98595805519,1,0.20996650822166218
Unknown,Low,5795.2487456929775,8552.983671965329,13,0.015217180420613303
Unknown,Medium,1329.485601655668,8552.983671965329,13,0.015217180420613303
Unknown,High,1428.2493246166837,8552.983671965329,13,0.015217180420613303
Venezuela,Low,72.28301696654329,72.28301696654329,43,1.286035087535007e-4
